link,title
/doc/npo/5720835445.html,Data Cleaning Intern
/doc/npo/5720806222.html,Tempoary SAS Programmer & Data Analyst
/nva/npo/5706570111.html,Data Coordinator
/mld/npo/5693668041.html,Data Manager
/nva/npo/5691063777.html,Data Entry and Customer Service Expert (Non-Profits/Associations)
/mld/npo/5683021506.html,Community Health Analyst/Data Analyst
/doc/npo/5722763635.html,"Senior Manager, Business Systems and Database Development"
/doc/npo/5718211502.html,Fundraising/Accounting Coordinator
/nva/npo/5717661053.html,Case Manager
/doc/npo/5716245838.html,Constituencies Associate
/mld/npo/5714956837.html,Case Manager
/doc/npo/5714756989.html,Creating Change Conference Internship
/doc/npo/5713237472.html,"Somali, Yoruba Language Specialists - SIREN Project"
/nva/npo/5713202962.html,Reston Museum seeks PT Office Assistant
/mld/npo/5711539420.html,Job Coach
/doc/npo/5711507542.html,Associate Manager of Digital Fundraising and Reporting
/doc/npo/5707220064.html,Development Associate
/nva/npo/5705357613.html,Permanent Supportive Housing Case Manager
/doc/npo/5703752516.html,Human Resources Internship
/mld/npo/5703702461.html,"Seeking part-time, work from home Development Coordinator"
/doc/npo/5702330514.html,Human Resources Manager
/doc/npo/5702133770.html,Director of Finance
/nva/npo/5702128746.html,Development Intern
/nva/npo/5701916670.html,Housing Locator
/nva/npo/5701391366.html,"Staff Accountant, Old Town"
/doc/npo/5699766339.html,Case Manager - Veterans Program
/doc/npo/5695803479.html,Pro Bono Coordinator
/mld/npo/5695022568.html,Non-Profit Application Coordinator
/doc/npo/5692407865.html,Engagement Specialist
/doc/npo/5690909882.html,"Director, IT Service Operations"
/doc/npo/5690912706.html,Executive Director - College Tribe
/doc/npo/5690760189.html,Program/Registration Coordinator
/doc/npo/5690717273.html,Disability and Rehabilitation Fall Internship
/nva/npo/5690566538.html,Membership Development Specialist
/mld/npo/5689288440.html,Non-Profit Administrative Assistant
/doc/npo/5688438486.html,Research: Native Speakers of Horn of Africa Languages Needed
/mld/npo/5684475188.html,Vocational Transportation Assistant (Driver)
/mld/npo/5683306636.html,Program Coordinator - Great Association!
/doc/npo/5682815818.html,PART-TIME SCHOOL COORDINATOR
/doc/npo/5682770617.html,"Associate Coordinator, CAPT Southeast Resource Team"
/nva/npo/5682488524.html,Membership Coordinator
/nva/npo/5681331267.html,Day Support Specialist
/doc/npo/5681217284.html,PAID RESEARCH INTERNSHIP/
/doc/npo/5678235220.html,ASAP Need: Project Assistant W/ SharePoint at Conservation Org
/doc/npo/5677709304.html,Pricing Specialist
/nva/npo/5675850245.html,Case Manager
//baltimore.craigslist.org/npo/5693651563.html,Data Manager
//baltimore.craigslist.org/npo/5724190081.html,Animal Admissions Coordinator
//frederick.craigslist.org/npo/5672015039.html,Part Time Field Interviewer
//smd.craigslist.org/npo/5713121729.html,Community & Employment Supports Opportunity
//smd.craigslist.org/npo/5713117226.html,Assistant Director of Facilities
//baltimore.craigslist.org/npo/5703284819.html,Autism Support Coach
//frederick.craigslist.org/npo/5700350684.html,FUNDRAISING SPECIALIST
//baltimore.craigslist.org/npo/5700464822.html,Paid AmeriCorps Positions @ Civic Works Real Food Farm
//baltimore.craigslist.org/npo/5700243925.html,Autism Support Coach 1:1
//baltimore.craigslist.org/npo/5690547668.html,Non Profit Program Director
//baltimore.craigslist.org/npo/5688345517.html,Residential Job Fair
//baltimore.craigslist.org/npo/5679788475.html,Development Assistant
//frederick.craigslist.org/npo/5671886069.html,Director of Membership and Marketing
//easternshore.craigslist.org/npo/5663196723.html,Head Start/Early Head Start Vacancies
//smd.craigslist.org/npo/5614522076.html,Direct Support Staff
//smd.craigslist.org/npo/5614539570.html,Direct Support Staff
